n,factorization,digital_root,nearest_primes,octal,hex,notable,n/432,432/n
132,2^2 * 3 * 11,6,131/137,204,84,pronic (11×12); Catalan C6; octal=204 ↔ 204² motif,0.305556,3.272727
1012,2^2 * 11 * 23,4,1009/1013,1764,3f4,"square = 1,024,144 (=1024 + 12²); octal 1764 = 42²",2.342593,0.426877
1032,2^3 * 3 * 43,6,1031/1033,2010,408,= 24×43 (43-gate); between primes 1031/1033,2.388889,0.418605
