k,target_delta_phi_deg,target_freq_ratio_unitless
0,8,0.022222222222222223
1,16,0.044444444444444446
2,32,0.08888888888888889
3,64,0.17777777777777778
4,128,0.35555555555555557
5,256,0.7111111111111111
6,152,1.4222222222222223
7,304,2.8444444444444446
8,248,5.688888888888889
9,136,11.377777777777778
10,272,22.755555555555556
11,184,45.51111111111111
