,planet,n_index,phi_flavor,g_obs,g_hat,residual
0,Mercury,1.0,1.45,3.7,3.88519315653889,-0.1851931565388898
1,Venus,2.0,1.52,8.87,2.0658967048167316,6.804103295183268
2,Earth,3.0,1.45,9.81,0.7899267041026639,9.020073295897337
3,Mars,4.0,1.38,3.71,0.874644175314379,2.835355824685621
4,Jupiter,5.0,1.618,24.79,0.2873949602395624,24.502605039760436
5,Saturn,6.0,1.618,10.44,0.3263063108341785,10.113693689165821
6,Uranus,7.0,1.59,8.69,0.17607866283462803,8.513921337165371
7,Neptune,8.0,1.59,11.15,0.2171506416706063,10.932849358329394
