planet,n_index,g_obs,g_hat,residual
Mercury,1.0,3.7,-0.6245187080711204,4.32451870807112
Venus,2.0,8.87,7.008152775831188,1.8618472241688115
Earth,3.0,9.81,-4.282934110517457,14.092934110517458
Mars,4.0,3.71,-2.309656171354372,6.019656171354372
Jupiter,5.0,24.79,5.152382241311515,19.637617758688485
Saturn,6.0,10.44,-1.8024171352732536,12.242417135273254
Uranus,7.0,8.69,-3.1711116553380876,11.861111655338087
Neptune,8.0,11.15,3.9701925605122383,7.179807439487762
