Normalization,Metric,n_points,k_params,RMSE,AIC,BIC
1/45,angle,12,1,0.0,-856.7495132753124,-856.2646066255245
1/33,angle,12,1,0.0,-856.7495132753124,-856.2646066255245
1/7,angle,12,1,0.0,-856.7495132753124,-856.2646066255245
1/45,freq,12,1,0.0,-856.7495132753124,-856.2646066255245
1/33,freq,12,1,5.516498152093852,42.98583838976398,43.47074503955198
1/7,freq,12,1,82.35343669911536,107.86448452615323,108.34939117594124
