name,n,g_obs,g_base,g_lanif,residual
Mercury,1,3.7,43.292869816564156,46.756299401889294,-43.05629940188929
Venus,2,8.87,19.2181765373957,20.740668262549413,-11.870668262549414
Earth,3,9.81,11.695014152799263,12.594371683882661,-2.784371683882661
Mars,4,3.71,8.122890552288466,8.716540933646156,-5.006540933646156
Jupiter,5,24.79,6.096959719628749,6.510600926234635,18.279399073765365
Saturn,6,10.44,4.8227897931609505,5.1183474988715005,5.321652501128499
Uranus,7,8.69,3.9620358232113295,4.174125377835403,4.5158746221645965
Neptune,8,11.15,3.348148259226356,3.4979291189325408,7.652070881067459
