n_obs,params,RSS,AIC,BIC,LOOCV_RMSE
8,3,1030.4095884728208,44.866160953680414,45.10448557871992,7.800576966159518
